sample	library	run	r1_file	r2_file	reads_raw_r1	reads_raw_r2	reads_primers_fwd	reads_primers_rvs	reads_filtered_fwd	reads_filtered_rvs	reads_tabled	reads_chimera_checked	reads_tax.length_filtered
ABLG11527-A-rkfish	ABLG11527-A-rkfish	1	ABLG11527-A-rkfish_S378_L001_R1_001.fastq.gz	ABLG11527-A-rkfish_S378_L001_R2_001.fastq.gz	59751	59751	58481	58481	58413	58413	50283	50240	50240
ABLG11527-B-rkfish	ABLG11527-B-rkfish	1	ABLG11527-B-rkfish_S474_L001_R1_001.fastq.gz	ABLG11527-B-rkfish_S474_L001_R2_001.fastq.gz	48101	48101	46958	46958	46885	46885	40986	40972	40972
ABLG11527-C-rkfish	ABLG11527-C-rkfish	1	ABLG11527-C-rkfish_S570_L001_R1_001.fastq.gz	ABLG11527-C-rkfish_S570_L001_R2_001.fastq.gz	64200	64200	62580	62580	62489	62489	51670	51619	51619
e03770-A-rkfish	e03770-A-rkfish	1	e03770-A-rkfish_S289_L001_R1_001.fastq.gz	e03770-A-rkfish_S289_L001_R2_001.fastq.gz	76474	76474	74836	74836	74738	74738	65358	65348	65348
e03770-B-rkfish	e03770-B-rkfish	1	e03770-B-rkfish_S385_L001_R1_001.fastq.gz	e03770-B-rkfish_S385_L001_R2_001.fastq.gz	7526	7526	7244	7244	6511	6511	631	620	620
e03770-C-rkfish	e03770-C-rkfish	1	e03770-C-rkfish_S481_L001_R1_001.fastq.gz	e03770-C-rkfish_S481_L001_R2_001.fastq.gz	7619	7619	7384	7384	6482	6482	285	285	285
e03771-A-rkfish	e03771-A-rkfish	1	e03771-A-rkfish_S290_L001_R1_001.fastq.gz	e03771-A-rkfish_S290_L001_R2_001.fastq.gz	7812	7812	7600	7600	6506	6506	510	510	510
e03771-B-rkfish	e03771-B-rkfish	1	e03771-B-rkfish_S386_L001_R1_001.fastq.gz	e03771-B-rkfish_S386_L001_R2_001.fastq.gz	13216	13216	12825	12825	11635	11635	7205	7164	7164
e03771-C-rkfish	e03771-C-rkfish	1	e03771-C-rkfish_S482_L001_R1_001.fastq.gz	e03771-C-rkfish_S482_L001_R2_001.fastq.gz	71329	71329	69626	69626	69510	69510	60685	60567	60567
e03772-A-rkfish	e03772-A-rkfish	1	e03772-A-rkfish_S291_L001_R1_001.fastq.gz	e03772-A-rkfish_S291_L001_R2_001.fastq.gz	11980	11980	11686	11686	7477	7477	603	603	603
e03772-B-rkfish	e03772-B-rkfish	1	e03772-B-rkfish_S387_L001_R1_001.fastq.gz	e03772-B-rkfish_S387_L001_R2_001.fastq.gz	10093	10093	9795	9795	6708	6708	1883	1865	1865
e03772-C-rkfish	e03772-C-rkfish	1	e03772-C-rkfish_S483_L001_R1_001.fastq.gz	e03772-C-rkfish_S483_L001_R2_001.fastq.gz	83832	83832	81845	81845	81693	81693	73315	73285	73285
e03773-A-rkfish	e03773-A-rkfish	1	e03773-A-rkfish_S292_L001_R1_001.fastq.gz	e03773-A-rkfish_S292_L001_R2_001.fastq.gz	8907	8907	8653	8653	8061	8061	567	561	561
e03773-B-rkfish	e03773-B-rkfish	1	e03773-B-rkfish_S388_L001_R1_001.fastq.gz	e03773-B-rkfish_S388_L001_R2_001.fastq.gz	53176	53176	51930	51930	51596	51596	48151	48151	48151
e03773-C-rkfish	e03773-C-rkfish	1	e03773-C-rkfish_S484_L001_R1_001.fastq.gz	e03773-C-rkfish_S484_L001_R2_001.fastq.gz	75075	75075	73369	73369	73224	73224	65754	65480	65480
e03774-A-rkfish	e03774-A-rkfish	1	e03774-A-rkfish_S293_L001_R1_001.fastq.gz	e03774-A-rkfish_S293_L001_R2_001.fastq.gz	9708	9708	9491	9491	6976	6976	134	134	134
e03774-B-rkfish	e03774-B-rkfish	1	e03774-B-rkfish_S389_L001_R1_001.fastq.gz	e03774-B-rkfish_S389_L001_R2_001.fastq.gz	6210	6210	6053	6053	4441	4441	136	136	136
e03774-C-rkfish	e03774-C-rkfish	1	e03774-C-rkfish_S485_L001_R1_001.fastq.gz	e03774-C-rkfish_S485_L001_R2_001.fastq.gz	7280	7280	7096	7096	5398	5398	665	665	665
e03775-A-rkfish	e03775-A-rkfish	1	e03775-A-rkfish_S294_L001_R1_001.fastq.gz	e03775-A-rkfish_S294_L001_R2_001.fastq.gz	44329	44329	43327	43327	43237	43237	42131	42131	42131
e03775-B-rkfish	e03775-B-rkfish	1	e03775-B-rkfish_S390_L001_R1_001.fastq.gz	e03775-B-rkfish_S390_L001_R2_001.fastq.gz	42879	42879	41811	41811	41764	41764	38814	38814	38814
e03775-C-rkfish	e03775-C-rkfish	1	e03775-C-rkfish_S486_L001_R1_001.fastq.gz	e03775-C-rkfish_S486_L001_R2_001.fastq.gz	4365	4365	4248	4248	3968	3968	233	233	233
e03776-A-rkfish	e03776-A-rkfish	1	e03776-A-rkfish_S295_L001_R1_001.fastq.gz	e03776-A-rkfish_S295_L001_R2_001.fastq.gz	5369	5369	5233	5233	4721	4721	204	204	204
e03776-B-rkfish	e03776-B-rkfish	1	e03776-B-rkfish_S391_L001_R1_001.fastq.gz	e03776-B-rkfish_S391_L001_R2_001.fastq.gz	4789	4789	4566	4566	4273	4273	173	173	173
e03776-C-rkfish	e03776-C-rkfish	1	e03776-C-rkfish_S487_L001_R1_001.fastq.gz	e03776-C-rkfish_S487_L001_R2_001.fastq.gz	5541	5541	5351	5351	4998	4998	272	272	272
e03777-A-rkfish	e03777-A-rkfish	1	e03777-A-rkfish_S296_L001_R1_001.fastq.gz	e03777-A-rkfish_S296_L001_R2_001.fastq.gz	5906	5906	5761	5761	5054	5054	192	192	192
e03777-B-rkfish	e03777-B-rkfish	1	e03777-B-rkfish_S392_L001_R1_001.fastq.gz	e03777-B-rkfish_S392_L001_R2_001.fastq.gz	4774	4774	4482	4482	4022	4022	113	113	113
e03777-C-rkfish	e03777-C-rkfish	1	e03777-C-rkfish_S488_L001_R1_001.fastq.gz	e03777-C-rkfish_S488_L001_R2_001.fastq.gz	4878	4878	4727	4727	4360	4360	48	48	48
e03778-A-rkfish	e03778-A-rkfish	1	e03778-A-rkfish_S297_L001_R1_001.fastq.gz	e03778-A-rkfish_S297_L001_R2_001.fastq.gz	5017	5017	4833	4833	4210	4210	240	240	240
e03778-B-rkfish	e03778-B-rkfish	1	e03778-B-rkfish_S393_L001_R1_001.fastq.gz	e03778-B-rkfish_S393_L001_R2_001.fastq.gz	6822	6822	6592	6592	5962	5962	1970	1959	1959
e03778-C-rkfish	e03778-C-rkfish	1	e03778-C-rkfish_S489_L001_R1_001.fastq.gz	e03778-C-rkfish_S489_L001_R2_001.fastq.gz	59221	59221	57735	57735	57636	57636	50792	50759	50759
e03779-A-rkfish	e03779-A-rkfish	1	e03779-A-rkfish_S298_L001_R1_001.fastq.gz	e03779-A-rkfish_S298_L001_R2_001.fastq.gz	4639	4639	4518	4518	4223	4223	0	0	0
e03779-B-rkfish	e03779-B-rkfish	1	e03779-B-rkfish_S394_L001_R1_001.fastq.gz	e03779-B-rkfish_S394_L001_R2_001.fastq.gz	4300	4300	4164	4164	3673	3673	166	148	148
e03779-C-rkfish	e03779-C-rkfish	1	e03779-C-rkfish_S490_L001_R1_001.fastq.gz	e03779-C-rkfish_S490_L001_R2_001.fastq.gz	4927	4927	4807	4807	4544	4544	279	279	279
e03780-A-rkfish	e03780-A-rkfish	1	e03780-A-rkfish_S299_L001_R1_001.fastq.gz	e03780-A-rkfish_S299_L001_R2_001.fastq.gz	9154	9154	8914	8914	6880	6880	331	331	331
e03780-B-rkfish	e03780-B-rkfish	1	e03780-B-rkfish_S395_L001_R1_001.fastq.gz	e03780-B-rkfish_S395_L001_R2_001.fastq.gz	8794	8794	8556	8556	6686	6686	758	758	758
e03780-C-rkfish	e03780-C-rkfish	1	e03780-C-rkfish_S491_L001_R1_001.fastq.gz	e03780-C-rkfish_S491_L001_R2_001.fastq.gz	9197	9197	8981	8981	6781	6781	0	0	0
e03781-A-rkfish	e03781-A-rkfish	1	e03781-A-rkfish_S300_L001_R1_001.fastq.gz	e03781-A-rkfish_S300_L001_R2_001.fastq.gz	6976	6976	6655	6655	5688	5688	89	89	89
e03781-B-rkfish	e03781-B-rkfish	1	e03781-B-rkfish_S396_L001_R1_001.fastq.gz	e03781-B-rkfish_S396_L001_R2_001.fastq.gz	8196	8196	7891	7891	6405	6405	579	450	450
e03781-C-rkfish	e03781-C-rkfish	1	e03781-C-rkfish_S492_L001_R1_001.fastq.gz	e03781-C-rkfish_S492_L001_R2_001.fastq.gz	7401	7401	7202	7202	6144	6144	133	133	133
e03782-A-rkfish	e03782-A-rkfish	1	e03782-A-rkfish_S301_L001_R1_001.fastq.gz	e03782-A-rkfish_S301_L001_R2_001.fastq.gz	10555	10555	10310	10310	6151	6151	781	781	781
e03782-B-rkfish	e03782-B-rkfish	1	e03782-B-rkfish_S397_L001_R1_001.fastq.gz	e03782-B-rkfish_S397_L001_R2_001.fastq.gz	10893	10893	10609	10609	6509	6509	727	727	727
e03782-C-rkfish	e03782-C-rkfish	1	e03782-C-rkfish_S493_L001_R1_001.fastq.gz	e03782-C-rkfish_S493_L001_R2_001.fastq.gz	12085	12085	11777	11777	7210	7210	71	71	71
e03783-A-rkfish	e03783-A-rkfish	1	e03783-A-rkfish_S302_L001_R1_001.fastq.gz	e03783-A-rkfish_S302_L001_R2_001.fastq.gz	61502	61502	60140	60140	60044	60044	51938	51717	51717
e03783-B-rkfish	e03783-B-rkfish	1	e03783-B-rkfish_S398_L001_R1_001.fastq.gz	e03783-B-rkfish_S398_L001_R2_001.fastq.gz	59687	59687	58225	58225	57084	57084	44784	44784	44784
e03783-C-rkfish	e03783-C-rkfish	1	e03783-C-rkfish_S494_L001_R1_001.fastq.gz	e03783-C-rkfish_S494_L001_R2_001.fastq.gz	23606	23606	22960	22960	18784	18784	8414	8414	8414
e03784-A-rkfish	e03784-A-rkfish	1	e03784-A-rkfish_S303_L001_R1_001.fastq.gz	e03784-A-rkfish_S303_L001_R2_001.fastq.gz	5046	5046	4910	4910	4613	4613	0	0	0
e03784-B-rkfish	e03784-B-rkfish	1	e03784-B-rkfish_S399_L001_R1_001.fastq.gz	e03784-B-rkfish_S399_L001_R2_001.fastq.gz	4593	4593	4477	4477	4097	4097	164	164	164
e03784-C-rkfish	e03784-C-rkfish	1	e03784-C-rkfish_S495_L001_R1_001.fastq.gz	e03784-C-rkfish_S495_L001_R2_001.fastq.gz	5709	5709	5563	5563	5317	5317	438	438	438
e03785-A-rkfish	e03785-A-rkfish	1	e03785-A-rkfish_S304_L001_R1_001.fastq.gz	e03785-A-rkfish_S304_L001_R2_001.fastq.gz	2040	2040	1976	1976	1625	1625	67	67	67
e03785-B-rkfish	e03785-B-rkfish	1	e03785-B-rkfish_S400_L001_R1_001.fastq.gz	e03785-B-rkfish_S400_L001_R2_001.fastq.gz	2207	2207	2090	2090	1769	1769	318	318	318
e03785-C-rkfish	e03785-C-rkfish	1	e03785-C-rkfish_S496_L001_R1_001.fastq.gz	e03785-C-rkfish_S496_L001_R2_001.fastq.gz	1935	1935	1866	1866	1723	1723	0	0	0
e03786-A-rkfish	e03786-A-rkfish	1	e03786-A-rkfish_S305_L001_R1_001.fastq.gz	e03786-A-rkfish_S305_L001_R2_001.fastq.gz	4948	4948	4805	4805	3938	3938	148	148	148
e03786-B-rkfish	e03786-B-rkfish	1	e03786-B-rkfish_S401_L001_R1_001.fastq.gz	e03786-B-rkfish_S401_L001_R2_001.fastq.gz	5979	5979	5811	5811	5127	5127	1467	1467	1467
e03786-C-rkfish	e03786-C-rkfish	1	e03786-C-rkfish_S497_L001_R1_001.fastq.gz	e03786-C-rkfish_S497_L001_R2_001.fastq.gz	4186	4186	4039	4039	3571	3571	157	157	157
e03787-A-rkfish	e03787-A-rkfish	1	e03787-A-rkfish_S306_L001_R1_001.fastq.gz	e03787-A-rkfish_S306_L001_R2_001.fastq.gz	6795	6795	6609	6609	5844	5844	135	135	135
e03787-B-rkfish	e03787-B-rkfish	1	e03787-B-rkfish_S402_L001_R1_001.fastq.gz	e03787-B-rkfish_S402_L001_R2_001.fastq.gz	58941	58941	57508	57508	57408	57408	50921	50869	50869
e03787-C-rkfish	e03787-C-rkfish	1	e03787-C-rkfish_S498_L001_R1_001.fastq.gz	e03787-C-rkfish_S498_L001_R2_001.fastq.gz	6977	6977	6794	6794	6544	6544	139	139	139
e03788-A-rkfish	e03788-A-rkfish	1	e03788-A-rkfish_S307_L001_R1_001.fastq.gz	e03788-A-rkfish_S307_L001_R2_001.fastq.gz	4238	4238	4095	4095	3614	3614	62	62	62
e03788-B-rkfish	e03788-B-rkfish	1	e03788-B-rkfish_S403_L001_R1_001.fastq.gz	e03788-B-rkfish_S403_L001_R2_001.fastq.gz	5786	5786	5343	5343	3591	3591	373	373	373
e03788-C-rkfish	e03788-C-rkfish	1	e03788-C-rkfish_S499_L001_R1_001.fastq.gz	e03788-C-rkfish_S499_L001_R2_001.fastq.gz	1824	1824	1761	1761	1598	1598	111	111	111
e03789-A-rkfish	e03789-A-rkfish	1	e03789-A-rkfish_S308_L001_R1_001.fastq.gz	e03789-A-rkfish_S308_L001_R2_001.fastq.gz	5199	5199	5080	5080	4185	4185	0	0	0
e03789-B-rkfish	e03789-B-rkfish	1	e03789-B-rkfish_S404_L001_R1_001.fastq.gz	e03789-B-rkfish_S404_L001_R2_001.fastq.gz	6888	6888	6665	6665	5440	5440	988	988	988
e03789-C-rkfish	e03789-C-rkfish	1	e03789-C-rkfish_S500_L001_R1_001.fastq.gz	e03789-C-rkfish_S500_L001_R2_001.fastq.gz	5770	5770	5501	5501	4444	4444	0	0	0
e03790-A-rkfish	e03790-A-rkfish	1	e03790-A-rkfish_S309_L001_R1_001.fastq.gz	e03790-A-rkfish_S309_L001_R2_001.fastq.gz	4104	4104	3991	3991	2857	2857	748	748	748
e03790-B-rkfish	e03790-B-rkfish	1	e03790-B-rkfish_S405_L001_R1_001.fastq.gz	e03790-B-rkfish_S405_L001_R2_001.fastq.gz	1508	1508	1430	1430	838	838	228	224	224
e03790-C-rkfish	e03790-C-rkfish	1	e03790-C-rkfish_S501_L001_R1_001.fastq.gz	e03790-C-rkfish_S501_L001_R2_001.fastq.gz	7783	7783	7570	7570	5258	5258	274	274	274
e03791-A-rkfish	e03791-A-rkfish	1	e03791-A-rkfish_S310_L001_R1_001.fastq.gz	e03791-A-rkfish_S310_L001_R2_001.fastq.gz	6920	6920	6636	6636	4410	4410	994	994	994
e03791-B-rkfish	e03791-B-rkfish	1	e03791-B-rkfish_S406_L001_R1_001.fastq.gz	e03791-B-rkfish_S406_L001_R2_001.fastq.gz	7358	7358	7136	7136	4955	4955	819	815	815
e03791-C-rkfish	e03791-C-rkfish	1	e03791-C-rkfish_S502_L001_R1_001.fastq.gz	e03791-C-rkfish_S502_L001_R2_001.fastq.gz	7471	7471	7270	7270	4763	4763	156	156	156
e03792-A-rkfish	e03792-A-rkfish	1	e03792-A-rkfish_S311_L001_R1_001.fastq.gz	e03792-A-rkfish_S311_L001_R2_001.fastq.gz	9042	9042	8631	8631	5372	5372	2024	2024	2024
e03792-B-rkfish	e03792-B-rkfish	1	e03792-B-rkfish_S407_L001_R1_001.fastq.gz	e03792-B-rkfish_S407_L001_R2_001.fastq.gz	9953	9953	9676	9676	6772	6772	1179	1179	1179
e03792-C-rkfish	e03792-C-rkfish	1	e03792-C-rkfish_S503_L001_R1_001.fastq.gz	e03792-C-rkfish_S503_L001_R2_001.fastq.gz	10904	10904	10599	10599	5752	5752	34	34	34
e03793-A-rkfish	e03793-A-rkfish	1	e03793-A-rkfish_S312_L001_R1_001.fastq.gz	e03793-A-rkfish_S312_L001_R2_001.fastq.gz	6632	6632	6481	6481	6317	6317	34	34	34
e03793-B-rkfish	e03793-B-rkfish	1	e03793-B-rkfish_S408_L001_R1_001.fastq.gz	e03793-B-rkfish_S408_L001_R2_001.fastq.gz	5714	5714	5576	5576	5359	5359	586	586	586
e03793-C-rkfish	e03793-C-rkfish	1	e03793-C-rkfish_S504_L001_R1_001.fastq.gz	e03793-C-rkfish_S504_L001_R2_001.fastq.gz	5547	5547	5373	5373	4933	4933	0	0	0
e03794-A-rkfish	e03794-A-rkfish	1	e03794-A-rkfish_S313_L001_R1_001.fastq.gz	e03794-A-rkfish_S313_L001_R2_001.fastq.gz	5460	5460	5253	5253	3205	3205	35	35	35
e03794-B-rkfish	e03794-B-rkfish	1	e03794-B-rkfish_S409_L001_R1_001.fastq.gz	e03794-B-rkfish_S409_L001_R2_001.fastq.gz	6429	6429	6189	6189	4082	4082	1266	1266	1266
e03794-C-rkfish	e03794-C-rkfish	1	e03794-C-rkfish_S505_L001_R1_001.fastq.gz	e03794-C-rkfish_S505_L001_R2_001.fastq.gz	4553	4553	4384	4384	2451	2451	122	122	122
e03795-A-rkfish	e03795-A-rkfish	1	e03795-A-rkfish_S314_L001_R1_001.fastq.gz	e03795-A-rkfish_S314_L001_R2_001.fastq.gz	6990	6990	6840	6840	5369	5369	0	0	0
e03795-B-rkfish	e03795-B-rkfish	1	e03795-B-rkfish_S410_L001_R1_001.fastq.gz	e03795-B-rkfish_S410_L001_R2_001.fastq.gz	6427	6427	6263	6263	4543	4543	242	242	242
e03795-C-rkfish	e03795-C-rkfish	1	e03795-C-rkfish_S506_L001_R1_001.fastq.gz	e03795-C-rkfish_S506_L001_R2_001.fastq.gz	5569	5569	5435	5435	3963	3963	4	4	4
e03796-A-rkfish	e03796-A-rkfish	1	e03796-A-rkfish_S315_L001_R1_001.fastq.gz	e03796-A-rkfish_S315_L001_R2_001.fastq.gz	4931	4931	4753	4753	4328	4328	4321	4321	4321
e03796-B-rkfish	e03796-B-rkfish	1	e03796-B-rkfish_S411_L001_R1_001.fastq.gz	e03796-B-rkfish_S411_L001_R2_001.fastq.gz	5275	5275	5055	5055	4021	4021	601	601	601
e03796-C-rkfish	e03796-C-rkfish	1	e03796-C-rkfish_S507_L001_R1_001.fastq.gz	e03796-C-rkfish_S507_L001_R2_001.fastq.gz	3997	3997	3899	3899	3529	3529	24	24	24
e03797-A-rkfish	e03797-A-rkfish	1	e03797-A-rkfish_S316_L001_R1_001.fastq.gz	e03797-A-rkfish_S316_L001_R2_001.fastq.gz	5623	5623	5395	5395	5069	5069	52	52	52
e03797-B-rkfish	e03797-B-rkfish	1	e03797-B-rkfish_S412_L001_R1_001.fastq.gz	e03797-B-rkfish_S412_L001_R2_001.fastq.gz	5276	5276	5117	5117	4852	4852	247	247	247
e03797-C-rkfish	e03797-C-rkfish	1	e03797-C-rkfish_S508_L001_R1_001.fastq.gz	e03797-C-rkfish_S508_L001_R2_001.fastq.gz	5493	5493	5112	5112	4903	4903	0	0	0
e03798-A-rkfish	e03798-A-rkfish	1	e03798-A-rkfish_S317_L001_R1_001.fastq.gz	e03798-A-rkfish_S317_L001_R2_001.fastq.gz	6546	6546	6357	6357	4633	4633	325	325	325
e03798-B-rkfish	e03798-B-rkfish	1	e03798-B-rkfish_S413_L001_R1_001.fastq.gz	e03798-B-rkfish_S413_L001_R2_001.fastq.gz	6087	6087	5725	5725	3614	3614	179	179	179
e03798-C-rkfish	e03798-C-rkfish	1	e03798-C-rkfish_S509_L001_R1_001.fastq.gz	e03798-C-rkfish_S509_L001_R2_001.fastq.gz	5105	5105	4945	4945	3232	3232	37	37	37
e03799-A-rkfish	e03799-A-rkfish	1	e03799-A-rkfish_S318_L001_R1_001.fastq.gz	e03799-A-rkfish_S318_L001_R2_001.fastq.gz	7575	7575	7378	7378	4561	4561	44	44	44
e03799-B-rkfish	e03799-B-rkfish	1	e03799-B-rkfish_S414_L001_R1_001.fastq.gz	e03799-B-rkfish_S414_L001_R2_001.fastq.gz	7083	7083	6717	6717	3980	3980	378	378	378
e03799-C-rkfish	e03799-C-rkfish	1	e03799-C-rkfish_S510_L001_R1_001.fastq.gz	e03799-C-rkfish_S510_L001_R2_001.fastq.gz	7089	7089	6871	6871	4021	4021	130	130	130
e03800-A-rkfish	e03800-A-rkfish	1	e03800-A-rkfish_S319_L001_R1_001.fastq.gz	e03800-A-rkfish_S319_L001_R2_001.fastq.gz	8736	8736	8435	8435	8121	8121	0	0	0
e03800-B-rkfish	e03800-B-rkfish	1	e03800-B-rkfish_S415_L001_R1_001.fastq.gz	e03800-B-rkfish_S415_L001_R2_001.fastq.gz	7473	7473	7201	7201	6146	6146	423	423	423
e03800-C-rkfish	e03800-C-rkfish	1	e03800-C-rkfish_S511_L001_R1_001.fastq.gz	e03800-C-rkfish_S511_L001_R2_001.fastq.gz	8814	8814	8580	8580	8182	8182	239	239	239
e03801-A-rkfish	e03801-A-rkfish	1	e03801-A-rkfish_S320_L001_R1_001.fastq.gz	e03801-A-rkfish_S320_L001_R2_001.fastq.gz	6623	6623	6455	6455	4267	4267	149	149	149
e03801-B-rkfish	e03801-B-rkfish	1	e03801-B-rkfish_S416_L001_R1_001.fastq.gz	e03801-B-rkfish_S416_L001_R2_001.fastq.gz	5187	5187	4972	4972	3370	3370	901	901	901
e03801-C-rkfish	e03801-C-rkfish	1	e03801-C-rkfish_S512_L001_R1_001.fastq.gz	e03801-C-rkfish_S512_L001_R2_001.fastq.gz	61203	61203	59808	59808	59714	59714	51532	51526	51526
e03802-A-rkfish	e03802-A-rkfish	1	e03802-A-rkfish_S321_L001_R1_001.fastq.gz	e03802-A-rkfish_S321_L001_R2_001.fastq.gz	2920	2920	2853	2853	2006	2006	82	82	82
e03802-B-rkfish	e03802-B-rkfish	1	e03802-B-rkfish_S417_L001_R1_001.fastq.gz	e03802-B-rkfish_S417_L001_R2_001.fastq.gz	15325	15325	14905	14905	13524	13524	9777	9130	9130
e03802-C-rkfish	e03802-C-rkfish	1	e03802-C-rkfish_S513_L001_R1_001.fastq.gz	e03802-C-rkfish_S513_L001_R2_001.fastq.gz	5688	5688	5568	5568	3893	3893	354	354	354
e03803-A-rkfish	e03803-A-rkfish	1	e03803-A-rkfish_S322_L001_R1_001.fastq.gz	e03803-A-rkfish_S322_L001_R2_001.fastq.gz	2599	2599	2541	2541	2413	2413	1	1	1
e03803-B-rkfish	e03803-B-rkfish	1	e03803-B-rkfish_S418_L001_R1_001.fastq.gz	e03803-B-rkfish_S418_L001_R2_001.fastq.gz	4276	4276	4139	4139	3439	3439	379	379	379
e03803-C-rkfish	e03803-C-rkfish	1	e03803-C-rkfish_S514_L001_R1_001.fastq.gz	e03803-C-rkfish_S514_L001_R2_001.fastq.gz	4386	4386	4188	4188	3714	3714	218	218	218
e03804-A-rkfish	e03804-A-rkfish	1	e03804-A-rkfish_S323_L001_R1_001.fastq.gz	e03804-A-rkfish_S323_L001_R2_001.fastq.gz	724	724	715	715	634	634	90	90	90
e03804-B-rkfish	e03804-B-rkfish	1	e03804-B-rkfish_S419_L001_R1_001.fastq.gz	e03804-B-rkfish_S419_L001_R2_001.fastq.gz	7465	7465	7271	7271	5884	5884	980	980	980
e03804-C-rkfish	e03804-C-rkfish	1	e03804-C-rkfish_S515_L001_R1_001.fastq.gz	e03804-C-rkfish_S515_L001_R2_001.fastq.gz	7883	7883	7668	7668	6220	6220	0	0	0
e03805-A-rkfish	e03805-A-rkfish	1	e03805-A-rkfish_S324_L001_R1_001.fastq.gz	e03805-A-rkfish_S324_L001_R2_001.fastq.gz	5791	5791	5616	5616	5445	5445	0	0	0
e03805-B-rkfish	e03805-B-rkfish	1	e03805-B-rkfish_S420_L001_R1_001.fastq.gz	e03805-B-rkfish_S420_L001_R2_001.fastq.gz	5171	5171	4983	4983	4309	4309	284	284	284
e03805-C-rkfish	e03805-C-rkfish	1	e03805-C-rkfish_S516_L001_R1_001.fastq.gz	e03805-C-rkfish_S516_L001_R2_001.fastq.gz	5341	5341	5194	5194	4895	4895	177	177	177
e03806-A-rkfish	e03806-A-rkfish	1	e03806-A-rkfish_S325_L001_R1_001.fastq.gz	e03806-A-rkfish_S325_L001_R2_001.fastq.gz	11153	11153	10858	10858	7829	7829	614	614	614
e03806-B-rkfish	e03806-B-rkfish	1	e03806-B-rkfish_S421_L001_R1_001.fastq.gz	e03806-B-rkfish_S421_L001_R2_001.fastq.gz	59297	59297	57789	57789	57725	57725	50403	50403	50403
e03806-C-rkfish	e03806-C-rkfish	1	e03806-C-rkfish_S517_L001_R1_001.fastq.gz	e03806-C-rkfish_S517_L001_R2_001.fastq.gz	9456	9456	9218	9218	6229	6229	34	34	34
e03807-A-rkfish	e03807-A-rkfish	1	e03807-A-rkfish_S326_L001_R1_001.fastq.gz	e03807-A-rkfish_S326_L001_R2_001.fastq.gz	66972	66972	65539	65539	65497	65497	62294	62145	62145
e03807-B-rkfish	e03807-B-rkfish	1	e03807-B-rkfish_S422_L001_R1_001.fastq.gz	e03807-B-rkfish_S422_L001_R2_001.fastq.gz	7996	7996	7682	7682	5118	5118	844	844	844
e03807-C-rkfish	e03807-C-rkfish	1	e03807-C-rkfish_S518_L001_R1_001.fastq.gz	e03807-C-rkfish_S518_L001_R2_001.fastq.gz	7658	7658	7464	7464	5185	5185	133	133	133
e03808-A-rkfish	e03808-A-rkfish	1	e03808-A-rkfish_S327_L001_R1_001.fastq.gz	e03808-A-rkfish_S327_L001_R2_001.fastq.gz	3906	3906	3762	3762	3417	3417	43	43	43
e03808-B-rkfish	e03808-B-rkfish	1	e03808-B-rkfish_S423_L001_R1_001.fastq.gz	e03808-B-rkfish_S423_L001_R2_001.fastq.gz	4937	4937	4806	4806	4483	4483	473	473	473
e03808-C-rkfish	e03808-C-rkfish	1	e03808-C-rkfish_S519_L001_R1_001.fastq.gz	e03808-C-rkfish_S519_L001_R2_001.fastq.gz	61696	61696	60268	60268	60197	60197	58794	58794	58794
e03809-A-rkfish	e03809-A-rkfish	1	e03809-A-rkfish_S328_L001_R1_001.fastq.gz	e03809-A-rkfish_S328_L001_R2_001.fastq.gz	7545	7545	7367	7367	6293	6293	98	98	98
e03809-B-rkfish	e03809-B-rkfish	1	e03809-B-rkfish_S424_L001_R1_001.fastq.gz	e03809-B-rkfish_S424_L001_R2_001.fastq.gz	34212	34212	33417	33417	33377	33377	30935	28152	28152
e03809-C-rkfish	e03809-C-rkfish	1	e03809-C-rkfish_S520_L001_R1_001.fastq.gz	e03809-C-rkfish_S520_L001_R2_001.fastq.gz	6473	6473	6317	6317	6106	6106	145	145	145
e03810-A-rkfish	e03810-A-rkfish	1	e03810-A-rkfish_S329_L001_R1_001.fastq.gz	e03810-A-rkfish_S329_L001_R2_001.fastq.gz	6154	6154	6030	6030	5751	5751	0	0	0
e03810-B-rkfish	e03810-B-rkfish	1	e03810-B-rkfish_S425_L001_R1_001.fastq.gz	e03810-B-rkfish_S425_L001_R2_001.fastq.gz	7247	7247	7053	7053	6233	6233	725	725	725
e03810-C-rkfish	e03810-C-rkfish	1	e03810-C-rkfish_S521_L001_R1_001.fastq.gz	e03810-C-rkfish_S521_L001_R2_001.fastq.gz	5884	5884	5733	5733	5406	5406	286	286	286
e03811-A-rkfish	e03811-A-rkfish	1	e03811-A-rkfish_S330_L001_R1_001.fastq.gz	e03811-A-rkfish_S330_L001_R2_001.fastq.gz	4912	4912	4762	4762	4638	4638	154	154	154
e03811-B-rkfish	e03811-B-rkfish	1	e03811-B-rkfish_S426_L001_R1_001.fastq.gz	e03811-B-rkfish_S426_L001_R2_001.fastq.gz	4520	4520	4364	4364	4176	4176	24	24	24
e03811-C-rkfish	e03811-C-rkfish	1	e03811-C-rkfish_S522_L001_R1_001.fastq.gz	e03811-C-rkfish_S522_L001_R2_001.fastq.gz	5500	5500	5338	5338	5080	5080	1	1	1
e03812-A-rkfish	e03812-A-rkfish	1	e03812-A-rkfish_S331_L001_R1_001.fastq.gz	e03812-A-rkfish_S331_L001_R2_001.fastq.gz	26288	26288	25637	25637	24862	24862	19708	19708	19708
e03812-B-rkfish	e03812-B-rkfish	1	e03812-B-rkfish_S427_L001_R1_001.fastq.gz	e03812-B-rkfish_S427_L001_R2_001.fastq.gz	4856	4856	4696	4696	3993	3993	243	233	233
e03812-C-rkfish	e03812-C-rkfish	1	e03812-C-rkfish_S523_L001_R1_001.fastq.gz	e03812-C-rkfish_S523_L001_R2_001.fastq.gz	64794	64794	63294	63294	63217	63217	58474	58405	58405
e03813-A-rkfish	e03813-A-rkfish	1	e03813-A-rkfish_S332_L001_R1_001.fastq.gz	e03813-A-rkfish_S332_L001_R2_001.fastq.gz	4966	4966	4744	4744	4431	4431	1253	1253	1253
e03813-B-rkfish	e03813-B-rkfish	1	e03813-B-rkfish_S428_L001_R1_001.fastq.gz	e03813-B-rkfish_S428_L001_R2_001.fastq.gz	4786	4786	4573	4573	3922	3922	191	191	191
e03813-C-rkfish	e03813-C-rkfish	1	e03813-C-rkfish_S524_L001_R1_001.fastq.gz	e03813-C-rkfish_S524_L001_R2_001.fastq.gz	4771	4771	4615	4615	4176	4176	192	192	192
e03814-A-rkfish	e03814-A-rkfish	1	e03814-A-rkfish_S333_L001_R1_001.fastq.gz	e03814-A-rkfish_S333_L001_R2_001.fastq.gz	583	583	570	570	535	535	420	322	322
e03814-B-rkfish	e03814-B-rkfish	1	e03814-B-rkfish_S429_L001_R1_001.fastq.gz	e03814-B-rkfish_S429_L001_R2_001.fastq.gz	605	605	586	586	500	500	255	232	232
e03814-C-rkfish	e03814-C-rkfish	1	e03814-C-rkfish_S525_L001_R1_001.fastq.gz	e03814-C-rkfish_S525_L001_R2_001.fastq.gz	395	395	383	383	321	321	97	97	97
e03815-A-rkfish	e03815-A-rkfish	1	e03815-A-rkfish_S334_L001_R1_001.fastq.gz	e03815-A-rkfish_S334_L001_R2_001.fastq.gz	3556	3556	3431	3431	2598	2598	0	0	0
e03815-B-rkfish	e03815-B-rkfish	1	e03815-B-rkfish_S430_L001_R1_001.fastq.gz	e03815-B-rkfish_S430_L001_R2_001.fastq.gz	1301	1301	1257	1257	790	790	52	52	52
e03815-C-rkfish	e03815-C-rkfish	1	e03815-C-rkfish_S526_L001_R1_001.fastq.gz	e03815-C-rkfish_S526_L001_R2_001.fastq.gz	3581	3581	3481	3481	2672	2672	0	0	0
e03816-A-rkfish	e03816-A-rkfish	1	e03816-A-rkfish_S335_L001_R1_001.fastq.gz	e03816-A-rkfish_S335_L001_R2_001.fastq.gz	4465	4465	4325	4325	4039	4039	71	71	71
e03816-B-rkfish	e03816-B-rkfish	1	e03816-B-rkfish_S431_L001_R1_001.fastq.gz	e03816-B-rkfish_S431_L001_R2_001.fastq.gz	5411	5411	5211	5211	4476	4476	178	178	178
e03816-C-rkfish	e03816-C-rkfish	1	e03816-C-rkfish_S527_L001_R1_001.fastq.gz	e03816-C-rkfish_S527_L001_R2_001.fastq.gz	5031	5031	4919	4919	4702	4702	93	93	93
e03817-A-rkfish	e03817-A-rkfish	1	e03817-A-rkfish_S336_L001_R1_001.fastq.gz	e03817-A-rkfish_S336_L001_R2_001.fastq.gz	3534	3534	3461	3461	3329	3329	4	4	4
e03817-B-rkfish	e03817-B-rkfish	1	e03817-B-rkfish_S432_L001_R1_001.fastq.gz	e03817-B-rkfish_S432_L001_R2_001.fastq.gz	4259	4259	4108	4108	3690	3690	294	294	294
e03817-C-rkfish	e03817-C-rkfish	1	e03817-C-rkfish_S528_L001_R1_001.fastq.gz	e03817-C-rkfish_S528_L001_R2_001.fastq.gz	4708	4708	4599	4599	4407	4407	137	137	137
e03818-A-rkfish	e03818-A-rkfish	1	e03818-A-rkfish_S337_L001_R1_001.fastq.gz	e03818-A-rkfish_S337_L001_R2_001.fastq.gz	4683	4683	4514	4514	4164	4164	189	189	189
e03818-B-rkfish	e03818-B-rkfish	1	e03818-B-rkfish_S433_L001_R1_001.fastq.gz	e03818-B-rkfish_S433_L001_R2_001.fastq.gz	3331	3331	3205	3205	2610	2610	362	362	362
e03818-C-rkfish	e03818-C-rkfish	1	e03818-C-rkfish_S529_L001_R1_001.fastq.gz	e03818-C-rkfish_S529_L001_R2_001.fastq.gz	5078	5078	4891	4891	4474	4474	13	13	13
e03819-A-rkfish	e03819-A-rkfish	1	e03819-A-rkfish_S338_L001_R1_001.fastq.gz	e03819-A-rkfish_S338_L001_R2_001.fastq.gz	5847	5847	5672	5672	5402	5402	2052	2052	2052
e03819-B-rkfish	e03819-B-rkfish	1	e03819-B-rkfish_S434_L001_R1_001.fastq.gz	e03819-B-rkfish_S434_L001_R2_001.fastq.gz	41158	41158	40134	40134	40075	40075	36193	36193	36193
e03819-C-rkfish	e03819-C-rkfish	1	e03819-C-rkfish_S530_L001_R1_001.fastq.gz	e03819-C-rkfish_S530_L001_R2_001.fastq.gz	83940	83940	81877	81877	81718	81718	70632	70629	70629
e03820-A-rkfish	e03820-A-rkfish	1	e03820-A-rkfish_S339_L001_R1_001.fastq.gz	e03820-A-rkfish_S339_L001_R2_001.fastq.gz	52474	52474	51455	51455	51402	51402	43758	43743	43743
e03820-B-rkfish	e03820-B-rkfish	1	e03820-B-rkfish_S435_L001_R1_001.fastq.gz	e03820-B-rkfish_S435_L001_R2_001.fastq.gz	47508	47508	46373	46373	46297	46297	39264	39257	39257
e03820-C-rkfish	e03820-C-rkfish	1	e03820-C-rkfish_S531_L001_R1_001.fastq.gz	e03820-C-rkfish_S531_L001_R2_001.fastq.gz	75088	75088	73481	73481	73376	73376	66301	66244	66244
e03821-A-rkfish	e03821-A-rkfish	1	e03821-A-rkfish_S340_L001_R1_001.fastq.gz	e03821-A-rkfish_S340_L001_R2_001.fastq.gz	8110	8110	7957	7957	7804	7804	0	0	0
e03821-B-rkfish	e03821-B-rkfish	1	e03821-B-rkfish_S436_L001_R1_001.fastq.gz	e03821-B-rkfish_S436_L001_R2_001.fastq.gz	9057	9057	8845	8845	8573	8573	354	354	354
e03821-C-rkfish	e03821-C-rkfish	1	e03821-C-rkfish_S532_L001_R1_001.fastq.gz	e03821-C-rkfish_S532_L001_R2_001.fastq.gz	10912	10912	10641	10641	9782	9782	3	3	3
e03822-A-rkfish	e03822-A-rkfish	1	e03822-A-rkfish_S341_L001_R1_001.fastq.gz	e03822-A-rkfish_S341_L001_R2_001.fastq.gz	7292	7292	7039	7039	5182	5182	159	159	159
e03822-B-rkfish	e03822-B-rkfish	1	e03822-B-rkfish_S437_L001_R1_001.fastq.gz	e03822-B-rkfish_S437_L001_R2_001.fastq.gz	8119	8119	7798	7798	5828	5828	351	351	351
e03822-C-rkfish	e03822-C-rkfish	1	e03822-C-rkfish_S533_L001_R1_001.fastq.gz	e03822-C-rkfish_S533_L001_R2_001.fastq.gz	10055	10055	9762	9762	7159	7159	101	101	101
e03823-A-rkfish	e03823-A-rkfish	1	e03823-A-rkfish_S342_L001_R1_001.fastq.gz	e03823-A-rkfish_S342_L001_R2_001.fastq.gz	5638	5638	5491	5491	4959	4959	313	313	313
e03823-B-rkfish	e03823-B-rkfish	1	e03823-B-rkfish_S438_L001_R1_001.fastq.gz	e03823-B-rkfish_S438_L001_R2_001.fastq.gz	6061	6061	5766	5766	4404	4404	420	420	420
e03823-C-rkfish	e03823-C-rkfish	1	e03823-C-rkfish_S534_L001_R1_001.fastq.gz	e03823-C-rkfish_S534_L001_R2_001.fastq.gz	5507	5507	5269	5269	4601	4601	0	0	0
e03824-A-rkfish	e03824-A-rkfish	1	e03824-A-rkfish_S343_L001_R1_001.fastq.gz	e03824-A-rkfish_S343_L001_R2_001.fastq.gz	5634	5634	5400	5400	5104	5104	652	642	642
e03824-B-rkfish	e03824-B-rkfish	1	e03824-B-rkfish_S439_L001_R1_001.fastq.gz	e03824-B-rkfish_S439_L001_R2_001.fastq.gz	21378	21378	20811	20811	19551	19551	12391	12391	12391
e03824-C-rkfish	e03824-C-rkfish	1	e03824-C-rkfish_S535_L001_R1_001.fastq.gz	e03824-C-rkfish_S535_L001_R2_001.fastq.gz	8472	8472	7979	7979	7135	7135	385	385	385
e03825-A-rkfish	e03825-A-rkfish	1	e03825-A-rkfish_S344_L001_R1_001.fastq.gz	e03825-A-rkfish_S344_L001_R2_001.fastq.gz	4593	4593	4466	4466	4280	4280	154	154	154
e03825-B-rkfish	e03825-B-rkfish	1	e03825-B-rkfish_S440_L001_R1_001.fastq.gz	e03825-B-rkfish_S440_L001_R2_001.fastq.gz	5326	5326	5173	5173	4853	4853	508	508	508
e03825-C-rkfish	e03825-C-rkfish	1	e03825-C-rkfish_S536_L001_R1_001.fastq.gz	e03825-C-rkfish_S536_L001_R2_001.fastq.gz	5585	5585	5469	5469	5460	5460	5427	5427	5427
e03826-A-rkfish	e03826-A-rkfish	1	e03826-A-rkfish_S345_L001_R1_001.fastq.gz	e03826-A-rkfish_S345_L001_R2_001.fastq.gz	8783	8783	8563	8563	7078	7078	0	0	0
e03826-B-rkfish	e03826-B-rkfish	1	e03826-B-rkfish_S441_L001_R1_001.fastq.gz	e03826-B-rkfish_S441_L001_R2_001.fastq.gz	7567	7567	7098	7098	5047	5047	318	318	318
e03826-C-rkfish	e03826-C-rkfish	1	e03826-C-rkfish_S537_L001_R1_001.fastq.gz	e03826-C-rkfish_S537_L001_R2_001.fastq.gz	5656	5656	5501	5501	4543	4543	75	75	75
e03827-A-rkfish	e03827-A-rkfish	1	e03827-A-rkfish_S346_L001_R1_001.fastq.gz	e03827-A-rkfish_S346_L001_R2_001.fastq.gz	254	254	243	243	209	209	20	20	20
e03827-B-rkfish	e03827-B-rkfish	1	e03827-B-rkfish_S442_L001_R1_001.fastq.gz	e03827-B-rkfish_S442_L001_R2_001.fastq.gz	5441	5441	5138	5138	4381	4381	174	174	174
e03827-C-rkfish	e03827-C-rkfish	1	e03827-C-rkfish_S538_L001_R1_001.fastq.gz	e03827-C-rkfish_S538_L001_R2_001.fastq.gz	4916	4916	4737	4737	4448	4448	84	84	84
e03828-A-rkfish	e03828-A-rkfish	1	e03828-A-rkfish_S347_L001_R1_001.fastq.gz	e03828-A-rkfish_S347_L001_R2_001.fastq.gz	3394	3394	3298	3298	2942	2942	92	92	92
e03828-B-rkfish	e03828-B-rkfish	1	e03828-B-rkfish_S443_L001_R1_001.fastq.gz	e03828-B-rkfish_S443_L001_R2_001.fastq.gz	3453	3453	3338	3338	2628	2628	204	204	204
e03828-C-rkfish	e03828-C-rkfish	1	e03828-C-rkfish_S539_L001_R1_001.fastq.gz	e03828-C-rkfish_S539_L001_R2_001.fastq.gz	3003	3003	2889	2889	2493	2493	61	61	61
e03829-A-rkfish	e03829-A-rkfish	1	e03829-A-rkfish_S348_L001_R1_001.fastq.gz	e03829-A-rkfish_S348_L001_R2_001.fastq.gz	484	484	470	470	399	399	0	0	0
e03829-B-rkfish	e03829-B-rkfish	1	e03829-B-rkfish_S444_L001_R1_001.fastq.gz	e03829-B-rkfish_S444_L001_R2_001.fastq.gz	6998	6998	6719	6719	5273	5273	280	280	280
e03829-C-rkfish	e03829-C-rkfish	1	e03829-C-rkfish_S540_L001_R1_001.fastq.gz	e03829-C-rkfish_S540_L001_R2_001.fastq.gz	5461	5461	5289	5289	4491	4491	252	252	252
e03830-A-rkfish	e03830-A-rkfish	1	e03830-A-rkfish_S349_L001_R1_001.fastq.gz	e03830-A-rkfish_S349_L001_R2_001.fastq.gz	6706	6706	6119	6119	3573	3573	3532	3532	3532
e03830-B-rkfish	e03830-B-rkfish	1	e03830-B-rkfish_S445_L001_R1_001.fastq.gz	e03830-B-rkfish_S445_L001_R2_001.fastq.gz	5220	5220	5069	5069	3143	3143	437	430	430
e03830-C-rkfish	e03830-C-rkfish	1	e03830-C-rkfish_S541_L001_R1_001.fastq.gz	e03830-C-rkfish_S541_L001_R2_001.fastq.gz	4858	4858	4721	4721	2867	2867	157	157	157
e03831-A-rkfish	e03831-A-rkfish	1	e03831-A-rkfish_S350_L001_R1_001.fastq.gz	e03831-A-rkfish_S350_L001_R2_001.fastq.gz	9972	9972	9635	9635	8041	8041	0	0	0
e03831-B-rkfish	e03831-B-rkfish	1	e03831-B-rkfish_S446_L001_R1_001.fastq.gz	e03831-B-rkfish_S446_L001_R2_001.fastq.gz	8716	8716	8463	8463	7109	7109	377	377	377
e03831-C-rkfish	e03831-C-rkfish	1	e03831-C-rkfish_S542_L001_R1_001.fastq.gz	e03831-C-rkfish_S542_L001_R2_001.fastq.gz	7052	7052	6870	6870	5677	5677	0	0	0
e03832-A-rkfish	e03832-A-rkfish	1	e03832-A-rkfish_S351_L001_R1_001.fastq.gz	e03832-A-rkfish_S351_L001_R2_001.fastq.gz	7593	7593	7397	7397	6565	6565	0	0	0
e03832-B-rkfish	e03832-B-rkfish	1	e03832-B-rkfish_S447_L001_R1_001.fastq.gz	e03832-B-rkfish_S447_L001_R2_001.fastq.gz	6777	6777	6519	6519	5892	5892	527	527	527
e03832-C-rkfish	e03832-C-rkfish	1	e03832-C-rkfish_S543_L001_R1_001.fastq.gz	e03832-C-rkfish_S543_L001_R2_001.fastq.gz	5962	5962	5806	5806	5255	5255	1	1	1
e03833-A-rkfish	e03833-A-rkfish	1	e03833-A-rkfish_S352_L001_R1_001.fastq.gz	e03833-A-rkfish_S352_L001_R2_001.fastq.gz	46447	46447	45537	45537	45469	45469	42189	42189	42189
e03833-B-rkfish	e03833-B-rkfish	1	e03833-B-rkfish_S448_L001_R1_001.fastq.gz	e03833-B-rkfish_S448_L001_R2_001.fastq.gz	42026	42026	41029	41029	40979	40979	38810	38810	38810
e03833-C-rkfish	e03833-C-rkfish	1	e03833-C-rkfish_S544_L001_R1_001.fastq.gz	e03833-C-rkfish_S544_L001_R2_001.fastq.gz	2682	2682	2599	2599	2408	2408	167	167	167
e03834-A-rkfish	e03834-A-rkfish	1	e03834-A-rkfish_S353_L001_R1_001.fastq.gz	e03834-A-rkfish_S353_L001_R2_001.fastq.gz	53865	53865	52714	52714	52666	52666	47150	47150	47150
e03834-B-rkfish	e03834-B-rkfish	1	e03834-B-rkfish_S449_L001_R1_001.fastq.gz	e03834-B-rkfish_S449_L001_R2_001.fastq.gz	6557	6557	6381	6381	4567	4567	622	622	622
e03834-C-rkfish	e03834-C-rkfish	1	e03834-C-rkfish_S545_L001_R1_001.fastq.gz	e03834-C-rkfish_S545_L001_R2_001.fastq.gz	72997	72997	71243	71243	71141	71141	67217	67217	67217
e03835-A-rkfish	e03835-A-rkfish	1	e03835-A-rkfish_S354_L001_R1_001.fastq.gz	e03835-A-rkfish_S354_L001_R2_001.fastq.gz	7656	7656	7445	7445	7075	7075	233	233	233
e03835-B-rkfish	e03835-B-rkfish	1	e03835-B-rkfish_S450_L001_R1_001.fastq.gz	e03835-B-rkfish_S450_L001_R2_001.fastq.gz	7390	7390	7081	7081	5423	5423	305	305	305
e03835-C-rkfish	e03835-C-rkfish	1	e03835-C-rkfish_S546_L001_R1_001.fastq.gz	e03835-C-rkfish_S546_L001_R2_001.fastq.gz	9032	9032	8678	8678	8205	8205	816	816	816
e03836-A-rkfish	e03836-A-rkfish	1	e03836-A-rkfish_S355_L001_R1_001.fastq.gz	e03836-A-rkfish_S355_L001_R2_001.fastq.gz	4806	4806	4571	4571	3814	3814	0	0	0
e03836-B-rkfish	e03836-B-rkfish	1	e03836-B-rkfish_S451_L001_R1_001.fastq.gz	e03836-B-rkfish_S451_L001_R2_001.fastq.gz	4378	4378	4254	4254	3777	3777	227	227	227
e03836-C-rkfish	e03836-C-rkfish	1	e03836-C-rkfish_S547_L001_R1_001.fastq.gz	e03836-C-rkfish_S547_L001_R2_001.fastq.gz	3984	3984	3859	3859	3528	3528	2	2	2
e03837-A-rkfish	e03837-A-rkfish	1	e03837-A-rkfish_S356_L001_R1_001.fastq.gz	e03837-A-rkfish_S356_L001_R2_001.fastq.gz	9642	9642	9393	9393	7732	7732	1359	1358	1358
e03837-B-rkfish	e03837-B-rkfish	1	e03837-B-rkfish_S452_L001_R1_001.fastq.gz	e03837-B-rkfish_S452_L001_R2_001.fastq.gz	60248	60248	58733	58733	58608	58608	51536	51526	51526
e03837-C-rkfish	e03837-C-rkfish	1	e03837-C-rkfish_S548_L001_R1_001.fastq.gz	e03837-C-rkfish_S548_L001_R2_001.fastq.gz	8508	8508	8294	8294	6541	6541	142	142	142
e03838-A-rkfish	e03838-A-rkfish	1	e03838-A-rkfish_S357_L001_R1_001.fastq.gz	e03838-A-rkfish_S357_L001_R2_001.fastq.gz	4864	4864	4492	4492	2476	2476	2024	2024	2024
e03838-B-rkfish	e03838-B-rkfish	1	e03838-B-rkfish_S453_L001_R1_001.fastq.gz	e03838-B-rkfish_S453_L001_R2_001.fastq.gz	3856	3856	3538	3538	1791	1791	190	190	190
e03838-C-rkfish	e03838-C-rkfish	1	e03838-C-rkfish_S549_L001_R1_001.fastq.gz	e03838-C-rkfish_S549_L001_R2_001.fastq.gz	41622	41622	37978	37978	36984	36984	35633	35630	35630
e03839-A-rkfish	e03839-A-rkfish	1	e03839-A-rkfish_S358_L001_R1_001.fastq.gz	e03839-A-rkfish_S358_L001_R2_001.fastq.gz	5529	5529	5396	5396	3744	3744	15	15	15
e03839-B-rkfish	e03839-B-rkfish	1	e03839-B-rkfish_S454_L001_R1_001.fastq.gz	e03839-B-rkfish_S454_L001_R2_001.fastq.gz	47752	47752	46548	46548	46233	46233	37793	37793	37793
e03839-C-rkfish	e03839-C-rkfish	1	e03839-C-rkfish_S550_L001_R1_001.fastq.gz	e03839-C-rkfish_S550_L001_R2_001.fastq.gz	4834	4834	4705	4705	3413	3413	1530	1530	1530
e03840-A-rkfish	e03840-A-rkfish	1	e03840-A-rkfish_S359_L001_R1_001.fastq.gz	e03840-A-rkfish_S359_L001_R2_001.fastq.gz	6359	6359	6102	6102	4965	4965	253	253	253
e03840-B-rkfish	e03840-B-rkfish	1	e03840-B-rkfish_S455_L001_R1_001.fastq.gz	e03840-B-rkfish_S455_L001_R2_001.fastq.gz	7024	7024	6827	6827	5019	5019	1288	1205	1205
e03840-C-rkfish	e03840-C-rkfish	1	e03840-C-rkfish_S551_L001_R1_001.fastq.gz	e03840-C-rkfish_S551_L001_R2_001.fastq.gz	6335	6335	6173	6173	4673	4673	268	268	268
e03841-A-rkfish	e03841-A-rkfish	1	e03841-A-rkfish_S360_L001_R1_001.fastq.gz	e03841-A-rkfish_S360_L001_R2_001.fastq.gz	5064	5064	4958	4958	4569	4569	0	0	0
e03841-B-rkfish	e03841-B-rkfish	1	e03841-B-rkfish_S456_L001_R1_001.fastq.gz	e03841-B-rkfish_S456_L001_R2_001.fastq.gz	5313	5313	5187	5187	4893	4893	484	484	484
e03841-C-rkfish	e03841-C-rkfish	1	e03841-C-rkfish_S552_L001_R1_001.fastq.gz	e03841-C-rkfish_S552_L001_R2_001.fastq.gz	4709	4709	4608	4608	4405	4405	0	0	0
e03842-A-rkfish	e03842-A-rkfish	1	e03842-A-rkfish_S361_L001_R1_001.fastq.gz	e03842-A-rkfish_S361_L001_R2_001.fastq.gz	6331	6331	6101	6101	4844	4844	0	0	0
e03842-B-rkfish	e03842-B-rkfish	1	e03842-B-rkfish_S457_L001_R1_001.fastq.gz	e03842-B-rkfish_S457_L001_R2_001.fastq.gz	6630	6630	6170	6170	3318	3318	386	386	386
e03842-C-rkfish	e03842-C-rkfish	1	e03842-C-rkfish_S553_L001_R1_001.fastq.gz	e03842-C-rkfish_S553_L001_R2_001.fastq.gz	5699	5699	5545	5545	4556	4556	79	79	79
e03843-A-rkfish	e03843-A-rkfish	1	e03843-A-rkfish_S362_L001_R1_001.fastq.gz	e03843-A-rkfish_S362_L001_R2_001.fastq.gz	11172	11172	10764	10764	8711	8711	711	711	711
e03843-B-rkfish	e03843-B-rkfish	1	e03843-B-rkfish_S458_L001_R1_001.fastq.gz	e03843-B-rkfish_S458_L001_R2_001.fastq.gz	7240	7240	7008	7008	5795	5795	103	103	103
e03843-C-rkfish	e03843-C-rkfish	1	e03843-C-rkfish_S554_L001_R1_001.fastq.gz	e03843-C-rkfish_S554_L001_R2_001.fastq.gz	9116	9116	8933	8933	8019	8019	51	51	51
e03844-A-rkfish	e03844-A-rkfish	1	e03844-A-rkfish_S363_L001_R1_001.fastq.gz	e03844-A-rkfish_S363_L001_R2_001.fastq.gz	8267	8267	8037	8037	6765	6765	39	39	39
e03844-B-rkfish	e03844-B-rkfish	1	e03844-B-rkfish_S459_L001_R1_001.fastq.gz	e03844-B-rkfish_S459_L001_R2_001.fastq.gz	5618	5618	5398	5398	4062	4062	48	48	48
e03844-C-rkfish	e03844-C-rkfish	1	e03844-C-rkfish_S555_L001_R1_001.fastq.gz	e03844-C-rkfish_S555_L001_R2_001.fastq.gz	8289	8289	7956	7956	6771	6771	103	103	103
e03845-A-rkfish	e03845-A-rkfish	1	e03845-A-rkfish_S364_L001_R1_001.fastq.gz	e03845-A-rkfish_S364_L001_R2_001.fastq.gz	5168	5168	4923	4923	4442	4442	148	148	148
e03845-B-rkfish	e03845-B-rkfish	1	e03845-B-rkfish_S460_L001_R1_001.fastq.gz	e03845-B-rkfish_S460_L001_R2_001.fastq.gz	5099	5099	4927	4927	4039	4039	487	487	487
e03845-C-rkfish	e03845-C-rkfish	1	e03845-C-rkfish_S556_L001_R1_001.fastq.gz	e03845-C-rkfish_S556_L001_R2_001.fastq.gz	54844	54844	53562	53562	53488	53488	51786	51786	51786
e03846-A-rkfish	e03846-A-rkfish	1	e03846-A-rkfish_S365_L001_R1_001.fastq.gz	e03846-A-rkfish_S365_L001_R2_001.fastq.gz	7337	7337	7144	7144	3451	3451	123	123	123
e03846-B-rkfish	e03846-B-rkfish	1	e03846-B-rkfish_S461_L001_R1_001.fastq.gz	e03846-B-rkfish_S461_L001_R2_001.fastq.gz	4879	4879	4744	4744	2621	2621	346	346	346
e03846-C-rkfish	e03846-C-rkfish	1	e03846-C-rkfish_S557_L001_R1_001.fastq.gz	e03846-C-rkfish_S557_L001_R2_001.fastq.gz	4506	4506	4330	4330	2514	2514	659	659	659
e03847-A-rkfish	e03847-A-rkfish	1	e03847-A-rkfish_S366_L001_R1_001.fastq.gz	e03847-A-rkfish_S366_L001_R2_001.fastq.gz	9735	9735	9461	9461	6253	6253	3414	3414	3414
e03847-B-rkfish	e03847-B-rkfish	1	e03847-B-rkfish_S462_L001_R1_001.fastq.gz	e03847-B-rkfish_S462_L001_R2_001.fastq.gz	3978	3978	3825	3825	2576	2576	198	198	198
e03847-C-rkfish	e03847-C-rkfish	1	e03847-C-rkfish_S558_L001_R1_001.fastq.gz	e03847-C-rkfish_S558_L001_R2_001.fastq.gz	5320	5320	5091	5091	3531	3531	125	125	125
e03848-A-rkfish	e03848-A-rkfish	1	e03848-A-rkfish_S367_L001_R1_001.fastq.gz	e03848-A-rkfish_S367_L001_R2_001.fastq.gz	7942	7942	7569	7569	3173	3173	970	970	970
e03848-B-rkfish	e03848-B-rkfish	1	e03848-B-rkfish_S463_L001_R1_001.fastq.gz	e03848-B-rkfish_S463_L001_R2_001.fastq.gz	4952	4952	4654	4654	2358	2358	381	381	381
e03848-C-rkfish	e03848-C-rkfish	1	e03848-C-rkfish_S559_L001_R1_001.fastq.gz	e03848-C-rkfish_S559_L001_R2_001.fastq.gz	6060	6060	5790	5790	2746	2746	1549	1549	1549
e03849-A-rkfish	e03849-A-rkfish	1	e03849-A-rkfish_S368_L001_R1_001.fastq.gz	e03849-A-rkfish_S368_L001_R2_001.fastq.gz	6745	6745	6543	6543	5709	5709	0	0	0
e03849-B-rkfish	e03849-B-rkfish	1	e03849-B-rkfish_S464_L001_R1_001.fastq.gz	e03849-B-rkfish_S464_L001_R2_001.fastq.gz	6253	6253	5901	5901	4039	4039	127	127	127
e03849-C-rkfish	e03849-C-rkfish	1	e03849-C-rkfish_S560_L001_R1_001.fastq.gz	e03849-C-rkfish_S560_L001_R2_001.fastq.gz	5301	5301	5183	5183	4867	4867	0	0	0
e03850-A-rkfish	e03850-A-rkfish	1	e03850-A-rkfish_S369_L001_R1_001.fastq.gz	e03850-A-rkfish_S369_L001_R2_001.fastq.gz	6245	6245	6041	6041	3852	3852	263	263	263
e03850-B-rkfish	e03850-B-rkfish	1	e03850-B-rkfish_S465_L001_R1_001.fastq.gz	e03850-B-rkfish_S465_L001_R2_001.fastq.gz	4758	4758	4499	4499	2626	2626	70	70	70
e03850-C-rkfish	e03850-C-rkfish	1	e03850-C-rkfish_S561_L001_R1_001.fastq.gz	e03850-C-rkfish_S561_L001_R2_001.fastq.gz	5492	5492	5283	5283	3457	3457	94	94	94
e03851-A-rkfish	e03851-A-rkfish	1	e03851-A-rkfish_S370_L001_R1_001.fastq.gz	e03851-A-rkfish_S370_L001_R2_001.fastq.gz	5428	5428	5312	5312	4090	4090	12	12	12
e03851-B-rkfish	e03851-B-rkfish	1	e03851-B-rkfish_S466_L001_R1_001.fastq.gz	e03851-B-rkfish_S466_L001_R2_001.fastq.gz	5060	5060	4909	4909	3196	3196	125	125	125
e03851-C-rkfish	e03851-C-rkfish	1	e03851-C-rkfish_S562_L001_R1_001.fastq.gz	e03851-C-rkfish_S562_L001_R2_001.fastq.gz	6683	6683	6526	6526	4804	4804	13	13	13
e03852-A-rkfish	e03852-A-rkfish	1	e03852-A-rkfish_S371_L001_R1_001.fastq.gz	e03852-A-rkfish_S371_L001_R2_001.fastq.gz	6754	6754	6614	6614	5763	5763	0	0	0
e03852-B-rkfish	e03852-B-rkfish	1	e03852-B-rkfish_S467_L001_R1_001.fastq.gz	e03852-B-rkfish_S467_L001_R2_001.fastq.gz	6226	6226	5811	5811	4292	4292	91	91	91
e03852-C-rkfish	e03852-C-rkfish	1	e03852-C-rkfish_S563_L001_R1_001.fastq.gz	e03852-C-rkfish_S563_L001_R2_001.fastq.gz	6937	6937	6750	6750	6247	6247	0	0	0
e03853-A-rkfish	e03853-A-rkfish	1	e03853-A-rkfish_S372_L001_R1_001.fastq.gz	e03853-A-rkfish_S372_L001_R2_001.fastq.gz	14974	14974	14373	14373	10294	10294	1681	1681	1681
e03853-B-rkfish	e03853-B-rkfish	1	e03853-B-rkfish_S468_L001_R1_001.fastq.gz	e03853-B-rkfish_S468_L001_R2_001.fastq.gz	10991	10991	10580	10580	7236	7236	208	208	208
e03853-C-rkfish	e03853-C-rkfish	1	e03853-C-rkfish_S564_L001_R1_001.fastq.gz	e03853-C-rkfish_S564_L001_R2_001.fastq.gz	112228	112228	109748	109748	109536	109536	97322	97267	97267
e03854-A-rkfish	e03854-A-rkfish	1	e03854-A-rkfish_S373_L001_R1_001.fastq.gz	e03854-A-rkfish_S373_L001_R2_001.fastq.gz	7863	7863	7649	7649	5015	5015	401	401	401
e03854-B-rkfish	e03854-B-rkfish	1	e03854-B-rkfish_S469_L001_R1_001.fastq.gz	e03854-B-rkfish_S469_L001_R2_001.fastq.gz	6312	6312	5979	5979	3285	3285	169	169	169
e03854-C-rkfish	e03854-C-rkfish	1	e03854-C-rkfish_S565_L001_R1_001.fastq.gz	e03854-C-rkfish_S565_L001_R2_001.fastq.gz	7222	7222	7022	7022	4467	4467	92	92	92
e03855-A-rkfish	e03855-A-rkfish	1	e03855-A-rkfish_S374_L001_R1_001.fastq.gz	e03855-A-rkfish_S374_L001_R2_001.fastq.gz	9158	9158	8870	8870	6615	6615	313	313	313
e03855-B-rkfish	e03855-B-rkfish	1	e03855-B-rkfish_S470_L001_R1_001.fastq.gz	e03855-B-rkfish_S470_L001_R2_001.fastq.gz	8385	8385	7762	7762	5142	5142	844	844	844
e03855-C-rkfish	e03855-C-rkfish	1	e03855-C-rkfish_S566_L001_R1_001.fastq.gz	e03855-C-rkfish_S566_L001_R2_001.fastq.gz	9670	9670	9289	9289	6691	6691	0	0	0
e03856-A-rkfish	e03856-A-rkfish	1	e03856-A-rkfish_S375_L001_R1_001.fastq.gz	e03856-A-rkfish_S375_L001_R2_001.fastq.gz	6465	6465	6283	6283	6059	6059	1647	1647	1647
e03856-B-rkfish	e03856-B-rkfish	1	e03856-B-rkfish_S471_L001_R1_001.fastq.gz	e03856-B-rkfish_S471_L001_R2_001.fastq.gz	39010	39010	38015	38015	37983	37983	32662	32650	32650
e03856-C-rkfish	e03856-C-rkfish	1	e03856-C-rkfish_S567_L001_R1_001.fastq.gz	e03856-C-rkfish_S567_L001_R2_001.fastq.gz	66873	66873	65361	65361	65223	65223	59541	59541	59541
e03857-A-rkfish	e03857-A-rkfish	1	e03857-A-rkfish_S376_L001_R1_001.fastq.gz	e03857-A-rkfish_S376_L001_R2_001.fastq.gz	6911	6911	6728	6728	5911	5911	866	866	866
e03857-B-rkfish	e03857-B-rkfish	1	e03857-B-rkfish_S472_L001_R1_001.fastq.gz	e03857-B-rkfish_S472_L001_R2_001.fastq.gz	5711	5711	5347	5347	4522	4522	820	820	820
e03857-C-rkfish	e03857-C-rkfish	1	e03857-C-rkfish_S568_L001_R1_001.fastq.gz	e03857-C-rkfish_S568_L001_R2_001.fastq.gz	3946	3946	3780	3780	2756	2756	8	8	8
e03858-A-rkfish	e03858-A-rkfish	1	e03858-A-rkfish_S377_L001_R1_001.fastq.gz	e03858-A-rkfish_S377_L001_R2_001.fastq.gz	4436	4436	4277	4277	944	944	148	148	148
e03858-B-rkfish	e03858-B-rkfish	1	e03858-B-rkfish_S473_L001_R1_001.fastq.gz	e03858-B-rkfish_S473_L001_R2_001.fastq.gz	5172	5172	4901	4901	1726	1726	980	980	980
e03858-C-rkfish	e03858-C-rkfish	1	e03858-C-rkfish_S569_L001_R1_001.fastq.gz	e03858-C-rkfish_S569_L001_R2_001.fastq.gz	4000	4000	3891	3891	786	786	0	0	0
NTC-1-A-rkfish	NTC-1-A-rkfish	1	NTC-1-A-rkfish_S379_L001_R1_001.fastq.gz	NTC-1-A-rkfish_S379_L001_R2_001.fastq.gz	10474	10474	10235	10235	8869	8869	414	414	414
NTC-1-B-rkfish	NTC-1-B-rkfish	1	NTC-1-B-rkfish_S475_L001_R1_001.fastq.gz	NTC-1-B-rkfish_S475_L001_R2_001.fastq.gz	8024	8024	7683	7683	6047	6047	436	436	436
NTC-1-C-rkfish	NTC-1-C-rkfish	1	NTC-1-C-rkfish_S571_L001_R1_001.fastq.gz	NTC-1-C-rkfish_S571_L001_R2_001.fastq.gz	7840	7840	7639	7639	6925	6925	0	0	0
NTC-2-A-rkfish	NTC-2-A-rkfish	1	NTC-2-A-rkfish_S380_L001_R1_001.fastq.gz	NTC-2-A-rkfish_S380_L001_R2_001.fastq.gz	8725	8725	8499	8499	7055	7055	0	0	0
NTC-2-B-rkfish	NTC-2-B-rkfish	1	NTC-2-B-rkfish_S476_L001_R1_001.fastq.gz	NTC-2-B-rkfish_S476_L001_R2_001.fastq.gz	6679	6679	6353	6353	5340	5340	140	140	140
NTC-2-C-rkfish	NTC-2-C-rkfish	1	NTC-2-C-rkfish_S572_L001_R1_001.fastq.gz	NTC-2-C-rkfish_S572_L001_R2_001.fastq.gz	6806	6806	6677	6677	6325	6325	45	45	45
NTC-3-A-rkfish	NTC-3-A-rkfish	1	NTC-3-A-rkfish_S381_L001_R1_001.fastq.gz	NTC-3-A-rkfish_S381_L001_R2_001.fastq.gz	5567	5567	5217	5217	3371	3371	109	109	109
NTC-3-B-rkfish	NTC-3-B-rkfish	1	NTC-3-B-rkfish_S477_L001_R1_001.fastq.gz	NTC-3-B-rkfish_S477_L001_R2_001.fastq.gz	4707	4707	4509	4509	2918	2918	330	330	330
NTC-3-C-rkfish	NTC-3-C-rkfish	1	NTC-3-C-rkfish_S573_L001_R1_001.fastq.gz	NTC-3-C-rkfish_S573_L001_R2_001.fastq.gz	4568	4568	4463	4463	3187	3187	127	127	127
NTC-4-A-rkfish	NTC-4-A-rkfish	1	NTC-4-A-rkfish_S382_L001_R1_001.fastq.gz	NTC-4-A-rkfish_S382_L001_R2_001.fastq.gz	10015	10015	9791	9791	8256	8256	124	124	124
NTC-4-B-rkfish	NTC-4-B-rkfish	1	NTC-4-B-rkfish_S478_L001_R1_001.fastq.gz	NTC-4-B-rkfish_S478_L001_R2_001.fastq.gz	9516	9516	8909	8909	5512	5512	325	325	325
NTC-4-C-rkfish	NTC-4-C-rkfish	1	NTC-4-C-rkfish_S574_L001_R1_001.fastq.gz	NTC-4-C-rkfish_S574_L001_R2_001.fastq.gz	10387	10387	10082	10082	8245	8245	501	501	501
NTC-5-A-rkfish	NTC-5-A-rkfish	1	NTC-5-A-rkfish_S383_L001_R1_001.fastq.gz	NTC-5-A-rkfish_S383_L001_R2_001.fastq.gz	4146	4146	3992	3992	3533	3533	0	0	0
NTC-5-B-rkfish	NTC-5-B-rkfish	1	NTC-5-B-rkfish_S479_L001_R1_001.fastq.gz	NTC-5-B-rkfish_S479_L001_R2_001.fastq.gz	4100	4100	3836	3836	2829	2829	218	218	218
NTC-5-C-rkfish	NTC-5-C-rkfish	1	NTC-5-C-rkfish_S575_L001_R1_001.fastq.gz	NTC-5-C-rkfish_S575_L001_R2_001.fastq.gz	3629	3629	3472	3472	3094	3094	0	0	0
NTC-6-A-rkfish	NTC-6-A-rkfish	1	NTC-6-A-rkfish_S384_L001_R1_001.fastq.gz	NTC-6-A-rkfish_S384_L001_R2_001.fastq.gz	10686	10686	10478	10478	10175	10175	95	95	95
NTC-6-B-rkfish	NTC-6-B-rkfish	1	NTC-6-B-rkfish_S480_L001_R1_001.fastq.gz	NTC-6-B-rkfish_S480_L001_R2_001.fastq.gz	7933	7933	7616	7616	6622	6622	236	236	236
NTC-6-C-rkfish	NTC-6-C-rkfish	1	NTC-6-C-rkfish_S576_L001_R1_001.fastq.gz	NTC-6-C-rkfish_S576_L001_R2_001.fastq.gz	5257	5257	5134	5134	4957	4957	0	0	0
